{
    "loss": 7.574616432189941,
    "accuracy": 0.3888888955116272
}