{
    "loss": 30.714019775390625,
    "accuracy": 0.3888888955116272
}